{
	"wind_resource_model_choice" : 0,
	"wind_resource_filename" : "/Applications/SAM_2022.11.21/SAM.app/Contents/wind_resource/WY Southern-Flat Lands.srw",
	"wind_resource_distribution" : [ [ 3.1185,  45,  0.0344 ], [ 9.1355000000000004, 45,  0.0172 ], [ 15.1525, 45,  0.000457 ], [ 21.169499999999999, 45,  0 ], [ 3.1185, 135,  0.046800000000000001 ], [ 9.1355000000000004, 135,  0.0591 ], [ 15.1525, 135,  0.0032000000000000002 ], [ 21.169499999999999, 135,  0.00011400000000000001 ], [ 3.1185, 225,  0.063799999999999996 ], [ 9.1355000000000004, 225,  0.28199999999999997 ], [ 15.1525, 225,  0.26300000000000001 ], [ 21.169499999999999, 225,  0.0487 ], [ 3.1185, 315,  0.062399999999999997 ], [ 9.1355000000000004, 315,  0.0974 ], [ 15.1525, 315,  0.020500000000000001 ], [ 21.169499999999999, 315,  0.0010300000000000001 ] ],
	"weibull_reference_height" : 50,
	"weibull_k_factor" : 2,
	"weibull_wind_speed" : 7.25,
	"wind_resource_shear" : 0.14000000000000001,
	"wind_turbine_rotor_diameter" : 114,
	"wind_turbine_powercurve_windspeeds" : [ 2, 3, 4, 5, 6, 7, 8, 9, 10, 11, 12, 13, 14, 15, 16, 17, 18, 19, 20, 21, 22, 23, 24, 25 ],
	"wind_turbine_powercurve_powerout" : [ 0, 32, 146, 342, 621, 1008, 1486, 1836, 1965, 1994, 1999, 2000, 2000, 2000, 2000, 2000, 2000, 2000, 2000, 2000, 1906, 1681, 1455, 1230 ],
	"wind_turbine_hub_ht" : 80,
	"wind_turbine_max_cp" : 0.45000000000000001,
	"wind_farm_wake_model" : 0,
	"wind_resource_turbulence_coeff" : 0.10000000000000001,
	"system_capacity" : 64000,
	"wind_farm_xCoordinates" : [ 0, 912, 1824, 2736, 3648, 4560, 5472, 6384, 456, 1368, 2280, 3192, 4104, 5016, 5928, 6840, 0, 912, 1824, 2736, 3648, 4560, 5472, 6384, 456, 1368, 2280, 3192, 4104, 5016, 5928, 6840 ],
	"wind_farm_yCoordinates" : [ 0, 0, 0, 0, 0, 0, 0, 0, 912, 912, 912, 912, 912, 912, 912, 912, 1824, 1824, 1824, 1824, 1824, 1824, 1824, 1824, 2736, 2736, 2736, 2736, 2736, 2736, 2736, 2736 ],
	"wake_int_loss" : 0,
	"wake_ext_loss" : 1.1000000000000001,
	"wake_future_loss" : 0,
	"avail_bop_loss" : 0.5,
	"avail_grid_loss" : 1.5,
	"avail_turb_loss" : 3.5800000000000001,
	"elec_eff_loss" : 1.9099999999999999,
	"elec_parasitic_loss" : 0.10000000000000001,
	"env_degrad_loss" : 1.8,
	"env_exposure_loss" : 0,
	"env_env_loss" : 0.40000000000000002,
	"env_icing_loss" : 0.20999999999999999,
	"ops_env_loss" : 1,
	"ops_grid_loss" : 0.83999999999999997,
	"ops_load_loss" : 0.98999999999999999,
	"ops_strategies_loss" : 0,
	"turb_generic_loss" : 1.7,
	"turb_hysteresis_loss" : 0.40000000000000002,
	"turb_perf_loss" : 1.1000000000000001,
	"turb_specific_loss" : 0.81000000000000005,
	"constant" : 0,
	"total_uncert" : 12.085000000000001
}
